feature,group,importance,rank
early_comment_count,Early_Comments,0.195,1
early_comment_avg_score,Early_Comments,0.142,2
early_comment_max_score,Early_Comments,0.118,3
early_comment_avg_length,Early_Comments,0.075,4
early_comment_score_std,Early_Comments,0.062,5
subreddit_headphones,Subreddit,0.032,6
subreddit_Earbuds,Subreddit,0.028,7
tfidf_recommendation,TF-IDF,0.025,8
subreddit_audiophile,Subreddit,0.023,9
tfidf_review,TF-IDF,0.021,10
tfidf_quality,TF-IDF,0.019,11
tfidf_sound,TF-IDF,0.017,12
subreddit_AirPods,Subreddit,0.016,13
posting_hour,Temporal,0.014,14
tfidf_battery,TF-IDF,0.013,15
tfidf_worth,TF-IDF,0.012,16
title_length,Text_Length,0.01,17
day_of_week,Temporal,0.009,18
tfidf_price,TF-IDF,0.008,19
selftext_length,Text_Length,0.007,20
